<!DOCTYPE struts-config PUBLIC
          "-//Apache Software Foundation//DTD Struts Configuration 1.3//EN"
          "http://jakarta.apache.org/struts/dtds/struts-config_1_3.dtd">


<struts-config>
    <form-beans>
        <form-bean name="sf" type="SearchForm"/>
    </form-beans>
    
    
    <action-mappings>
        <action name="sf" path="/searchpath" type="org.springframework.web.struts.DelegatingActionProxy">
          <forward name="success" path="/result.jsp"/>
        </action>
    </action-mappings>
    

    <message-resources parameter="myfile"/>

  <plug-in className="org.springframework.web.struts.ContextLoaderPlugIn">
  <set-property property="contextConfigLocation" value="/WEB-INF/classes/ClientCfg.xml"/>
</plug-in>
  
</struts-config>
