<beans xmlns="http://www.springframework.org/schema/beans"
 xmlns:xsi="http://www.w3.org/2001/XMLSchema-instance" xmlns:p="http://www.springframework.org/schema/p"
 xmlns:aop="http://www.springframework.org/schema/aop" xmlns:context="http://www.springframework.org/schema/context"
 xmlns:jee="http://www.springframework.org/schema/jee" xmlns:tx="http://www.springframework.org/schema/tx"
 xmlns:task="http://www.springframework.org/schema/task"
 xsi:schemaLocation="http://www.springframework.org/schema/aop http://www.springframework.org/schema/aop/spring-aop-3.0.xsd
   http://www.springframework.org/schema/beans http://www.springframework.org/schema/beans/spring-beans-3.0.xsd
   http://www.springframework.org/schema/context http://www.springframework.org/schema/context/spring-context-3.0.xsd
   http://www.springframework.org/schema/jee http://www.springframework.org/schema/jee/spring-jee-3.0.xsd
   http://www.springframework.org/schema/tx http://www.springframework.org/schema/tx/spring-tx-3.0.xsd
   http://www.springframework.org/schema/task http://www.springframework.org/schema/task/spring-task-3.0.xsd">
 
 
 
 <bean id="gs" class="org.springframework.remoting.jaxws.JaxWsPortProxyFactoryBean">
<property name="wsdlDocumentUrl" value="http://localhost:2011/empWs?WSDL"/>
<property  name="serviceName" value="empWs"/>
<property name="namespaceUri" value="http://durgasoft.com/"/>
<property name="serviceInterface" value="p1.EmployeeInter"/>
<property name="portName" value="EmployeeWsPort"/>
 </bean>

<bean name="bd" class="BusinessDelegate"/>
<bean name="/searchpath" class="SearchAction"/>

 </beans> 